{"cameraMode":{"drawMode":0,"name":"Shaded","section":"Shading Mode"},"sceneLighting":true,"audioPlay":false,"sceneViewState":{"m_AlwaysRefresh":false,"showFog":true,"showSkybox":true,"showFlares":true,"showImageEffects":true,"showParticleSystems":true,"showVisualEffectGraphs":true,"m_FxEnabled":true},"in2DMode":false,"pivot":{"x":16.531368255615236,"y":-10.588118553161621,"z":38.08457565307617},"rotation":{"x":-0.18530111014842988,"y":-0.17931129038333894,"z":0.03440440446138382,"w":-0.9655892252922058},"size":29.36638641357422,"orthographic":false}